Input,Loss,MAE,MAPE,ME,R2 score,RMSE,Shift
8,0.0007303849561139941,0.9520693622218785,1.6285020716963174,8.267436833885043,0.9966766403601031,1.2663881359831335,0
8,0.001337404944933951,1.272818960421538,2.1811529778993446,8.140432420130779,0.9942225670605254,1.6693580481009531,1
8,0.0019169123843312263,1.5721944129436012,2.6900797147893516,10.203649616783707,0.9914469692173117,2.030700764254843,2
8,0.00247287773527205,1.8408988014767356,3.124766946948047,11.42162427947072,0.9884890113368996,2.355299304856503,3
8,0.0030338019132614136,2.073576873260219,3.544288003867065,11.328411023583428,0.9854379004584048,2.6486286905081537,4
