Input,Loss,MAE,MAPE,ME,R2 score,RMSE,Shift
7,7.651469059055671e-05,0.8161697259379278,1.3948060990739721,5.87234589498523,0.9976758661107987,1.0592655744350956,0
9,0.00021667218243237585,0.9295323455862105,1.5966142970357704,6.47210674430481,0.9969736604246677,1.2079382768320581,1
7,0.0004413654387462884,1.094571557939752,1.884186492625101,7.003894970389119,0.9958641794524327,1.4124168236732115,2
11,0.000982430879957974,1.466510365307989,2.5068921825032278,8.791153221336629,0.9926858659037057,1.876282779965677,3
14,0.0016003528144210577,1.8527338347874547,3.1848221146540574,10.05864034088198,0.988430750395048,2.357819050174931,4
